Student_ID,Age,Gender,Course,Attendance,Quiz_Score,Assignment_Score
1001,19.0,Male,BSIT,92.0,88.0,90.0
1002,20.0,Female,BSIT,85.0,91.0,89.0
1003,19.0,female,BSCS,78.0,82.0,80.0
1004,21.0,Male,BSCS,95.0,94.0,96.0
1005,20.0,Female,BSEMC,88.0,,91.0
1006,,Male,BSIT,75.0,79.0,77.0
1007,19.0,FEMALE,BSEMC,90.0,93.0,92.0
1008,22.0,Male,BSIT,68.0,72.0,70.0
1009,20.0,Female,BSCS,97.0,95.0,96.0
1010,19.0,Male,BSIT,84.0,86.0,85.0
1011,21.0,Female,BSCS,,89.0,88.0
1012,20.0,Male,BSEMC,91.0,90.0,92.0
1013,19.0,Female,BSIT,76.0,80.0,78.0
1014,22.0,Male,BSCS,89.0,87.0,88.0
1015,20.0,female,BSEMC,93.0,94.0,95.0
1016,19.0,Male,BSIT,81.0,79.0,
1017,21.0,Female,BSCS,86.0,90.0,88.0
1018,20.0,Male,BSEMC,99.0,98.0,100.0
1019,19.0,Female,BSIT,73.0,75.0,74.0
1020,21.0,Male,BSCS,87.0,85.0,86.0
1021,20.0,Female,BSIT,91.0,89.0,90.0
1022,19.0,Male,BSEMC,79.0,83.0,81.0
1023,22.0,Female,BSCS,94.0,92.0,93.0
1024,20.0,Male,BSIT,88.0,90.0,89.0
1025,21.0,Female,BSEMC,82.0,84.0,83.0
1026,19.0,Male,BSCS,90.0,91.0,90.0
1027,20.0,Female,BSIT,77.0,76.0,78.0
1028,21.0,Male,BSEMC,85.0,87.0,86.0
1029,20.0,Female,BSCS,96.0,94.0,95.0
1030,19.0,Male,BSIT,71.0,74.0,72.0
1031,21.0,Female,BSEMC,89.0,91.0,90.0
1032,20.0,Male,BSCS,83.0,85.0,84.0
1033,19.0,Female,BSIT,92.0,93.0,92.0
1034,22.0,Male,BSEMC,74.0,70.0,72.0
1035,20.0,Female,BSCS,98.0,97.0,99.0
1036,19.0,Male,BSIT,80.0,82.0,81.0
1037,21.0,Female,BSEMC,87.0,88.0,86.0
1038,20.0,Male,BSCS,93.0,95.0,94.0
1039,19.0,Female,BSIT,69.0,73.0,71.0
1040,21.0,Male,BSEMC,86.0,84.0,85.0
1041,20.0,Female,BSCS,91.0,90.0,92.0
1042,19.0,Male,BSIT,78.0,80.0,79.0
1043,22.0,Female,BSEMC,95.0,96.0,94.0
1044,20.0,Male,BSCS,84.0,82.0,83.0
1045,21.0,Female,BSIT,90.0,89.0,91.0
1046,19.0,Male,BSEMC,72.0,75.0,73.0
1047,20.0,Female,BSCS,88.0,87.0,89.0
1048,21.0,Male,BSIT,97.0,96.0,98.0
1049,19.0,Female,BSEMC,81.0,83.0,82.0
1050,20.0,Male,BSCS,89.0,90.0,88.0
1004,21.0,Male,BSCS,95.0,94.0,96.0
1051,20.0,Female,BSIT,150.0,92.0,91.0
1052,19.0,Male,BSCS,-5.0,85.0,82.0
